AUROC,AUPRC,Brier,ECE,Precision,Recall,F1,F1_opt_th,Precision_opt_th,Recall_opt_th,opt_threshold,OOF_train_F1_at_opt_threshold,week,model,target,seed,AUROC_CI_low,AUROC_CI_high,n_features
0.7920362232269376,0.6663099171738004,0.18268886564631215,0.1447197693547681,0.5616925064599483,0.6876235666271253,0.6183111111111111,0.6183111111111111,0.5616925064599483,0.6876235666271253,0.5,0.608644027546901,2,Logistic,dropout,42,0.7832860842151641,0.8012523950475857,82
0.7963378545526696,0.6879785978622087,0.1647674659024539,0.08779559648169712,0.6609605325725154,0.549624357453539,0.6001727115716753,0.617043847241867,0.5580428525743524,0.689996045867932,0.4,0.6029811901100202,2,RandomForest,dropout,42,0.787112462279334,0.8050829170441588,82
0.7981553129604066,0.6927094122402627,0.1768555303570167,0.1402794174143238,0.5957986236870699,0.6504547251878213,0.6219281663516069,0.6232457718603814,0.5718058765269066,0.6848556741795176,0.475,0.6084877465630604,2,XGBoost,dropout,42,0.7876049095715135,0.8068742650534143,82
0.7997438257142415,0.6971232797652406,0.15473500908758012,0.0159162438774223,0.7623349548297429,0.43376828786081456,0.5529233870967742,0.6222392932590743,0.6049290515309933,0.6405693950177936,0.325,0.6087851308765837,2,Stable-Causal-Temporal,dropout,42,0.789205459009093,0.8090213221842231,75
0.6628214341569945,0.3352889507898758,0.23021777090357007,0.25692698504781375,0.30788110171802563,0.6367738296672307,0.41507352941176473,0.41507352941176473,0.30788110171802563,0.6367738296672307,0.5,0.4169124877089479,2,Logistic,failure,42,0.6467544982176289,0.6782391356075796,82
0.6675028713852921,0.3327564878903384,0.18219425821952814,0.14131593808326817,0.37856645789839943,0.3068245910885505,0.33894080996884735,0.4152210408505876,0.3102006688963211,0.6277495769881557,0.375,0.4235617122176463,2,RandomForest,failure,42,0.6551956961187602,0.6830566203868119,82
0.6796584466849388,0.3500774121503537,0.22350253037601384,0.25033779741833,0.3183098591549296,0.6373378454596729,0.42457260943077213,0.4265842349304482,0.30666666666666664,0.700507614213198,0.475,0.43541029046601604,2,XGBoost,failure,42,0.6663501166735867,0.6953764476546884,82
0.6791075670821417,0.3422822301113914,0.15932906710255812,0.010564850614264196,0.47619047619047616,0.01692047377326565,0.032679738562091505,0.429893726431265,0.3087909381925634,0.7072758037225042,0.2,0.43112273916505517,2,Stable-Causal-Temporal,failure,42,0.6644365451851905,0.6932608867212333,75
0.8397110950694364,0.7543635533269046,0.1543884005513292,0.12921202797627745,0.6662908680947013,0.701067615658363,0.6832369942196532,0.6848496914194704,0.6896551724137931,0.6801107156979043,0.525,0.6667109722868346,4,Logistic,dropout,42,0.829848640991642,0.8483034305937055,82
0.8421332472148698,0.7623028715927509,0.1404049751755012,0.07635891220148283,0.7329724853405503,0.6425464610517991,0.684787189211968,0.6846339501206757,0.6966844044207942,0.6729932779754844,0.45000000000000007,0.6708421267615222,4,RandomForest,dropout,42,0.8324045573995494,0.8505885911155149,82
0.8456180899431365,0.7697607269236423,0.15029597842308934,0.12508092646357113,0.6759366550791811,0.6919731119019376,0.6838608831574834,0.6839774557165862,0.6965969659696597,0.671807038355081,0.525,0.6755156218092709,4,XGBoost,dropout,42,0.8359468422688885,0.8540181994800257,82
0.8470256061712603,0.7735057957478537,0.13209347216312003,0.01704975781621965,0.8074115665356542,0.5686041913799921,0.6672853828306264,0.6830958798613785,0.6656660412757974,0.7014630288651641,0.30000000000000004,0.6761496492595479,4,Stable-Causal-Temporal,dropout,42,0.8364929353022117,0.8562000408933831,75
0.6928889338261572,0.3651012824644683,0.22276037527934844,0.24851996602713228,0.3283964682426659,0.6503102086858432,0.4364118092354277,0.43528586460890917,0.3158564520234156,0.6999435984207558,0.475,0.4405958151081688,4,Logistic,failure,42,0.6803414396051114,0.708663554358858,82
0.7092252231117678,0.36899739448792523,0.1723981745503136,0.12656010580359364,0.4166089965397924,0.3395375070501974,0.37414543194530764,0.451513990034496,0.341944847605225,0.664410603496898,0.375,0.45418016850291637,4,RandomForest,failure,42,0.696799044440166,0.7241713071174151,82
0.7136343829546926,0.38356913248250507,0.2143397191356949,0.23935075760425295,0.3371222622678126,0.6858432036097011,0.45204460966542753,0.45375822653273296,0.32741814546363407,0.7388606880992667,0.475,0.4548863370049215,4,XGBoost,failure,42,0.7013417470808769,0.7273119944547953,82
0.7143692576717117,0.3776335584462003,0.15438244669393617,0.012227110084204023,0.5053763440860215,0.05301748448956571,0.0959673302705462,0.45446660884648743,0.3281563126252505,0.7388606880992667,0.2,0.45281285878300803,4,Stable-Causal-Temporal,failure,42,0.7020788653465506,0.7292220860720914,75
0.853657677700243,0.7724789054748493,0.14644116908137064,0.12176337689569101,0.6876190476190476,0.7137208382759984,0.7004268529297633,0.7017474185861795,0.704826485839649,0.6986951364175563,0.525,0.6884332072466653,6,Logistic,dropout,42,0.8430996724390235,0.8617187457705391,82
0.856383003423631,0.7799994028334672,0.13348290565242507,0.07123294603136282,0.7560529922338968,0.6544088572558323,0.7015684612123781,0.7032399125422382,0.7070343725019984,0.6994859628311586,0.42500000000000004,0.69050967785145,6,RandomForest,dropout,42,0.846866000961016,0.8641791924045242,82
0.8588998225565645,0.7890752243926452,0.1428770776050358,0.11881565662567888,0.6940184049079755,0.7156979043100039,0.7046914541561222,0.7055300459173488,0.7125,0.6986951364175563,0.525,0.6958790473641959,6,XGBoost,dropout,42,0.848651219333867,0.8669941892954394,82
0.8572954440237023,0.7891900957112178,0.12634787023869132,0.01352303114469736,0.8056293149229952,0.5998418347172796,0.6876699909338169,0.7006857603872529,0.715109098394401,0.6868327402135231,0.35,0.6947654656696125,6,Stable-Causal-Temporal,dropout,42,0.845864648395472,0.8658539887385264,75
0.7048350819945919,0.37896921436429304,0.21922691358576554,0.2449635651839456,0.3369847218218507,0.6593344613649182,0.4460129721480351,0.44534842589317297,0.32440092759598044,0.7100958826847151,0.475,0.4462004634305745,6,Logistic,failure,42,0.6921831443856634,0.71918421309058,82
0.7264085091371265,0.39074249350167656,0.16811398697400118,0.12104155947902558,0.4305732484076433,0.38127467569091933,0.40442716123242595,0.4653839237547204,0.3416050686378036,0.7298364354201917,0.35,0.4685432455190665,6,RandomForest,failure,42,0.716334947241536,0.7412914682760106,82
0.7314356448781067,0.409766178733299,0.20895738325658367,0.23289588704460204,0.3474669603524229,0.7117879300620418,0.4669750231267345,0.4669750231267345,0.3474669603524229,0.7117879300620418,0.5,0.4718397997496871,6,XGBoost,failure,42,0.7211097504567695,0.7467455837473125,82
0.7324494314197134,0.40574710101942346,0.15098356459238474,0.010905698949609964,0.53125,0.05752961082910321,0.10381679389312977,0.4700724361418223,0.355024474517708,0.6954314720812182,0.225,0.4679004467134652,6,Stable-Causal-Temporal,failure,42,0.7217174976317491,0.7457879149899428,75
0.8706076065680807,0.7936077917547416,0.1376519605137626,0.11504757485869521,0.6976573938506588,0.7536575721629103,0.7245770766014066,0.725615668024045,0.7119482496194824,0.7398181099248715,0.525,0.7113630440448266,8,Logistic,dropout,42,0.8586530536872369,0.8792495736253539,83
0.8753654406042926,0.8011518346711484,0.12525938099516543,0.06790085053774005,0.7382305194805194,0.719256623171214,0.7286200680953334,0.7275822928490352,0.6974972796517954,0.7603795966785291,0.42500000000000004,0.7177973172453629,8,RandomForest,dropout,42,0.8655763412007595,0.8835078569778283,83
0.8760965680666546,0.8079347122386183,0.1342721302379591,0.11273690235248693,0.7015250544662309,0.763938315539739,0.7314026121521863,0.7278582930756844,0.7412874128741287,0.7149070778964017,0.5750000000000001,0.7189756164010352,8,XGBoost,dropout,42,0.8654377884214317,0.8840709719707626,83
0.8762691567848544,0.8095891355859246,0.11871902935640201,0.012065927832083313,0.797584541062802,0.652827204428628,0.7179821700369645,0.7287512100677638,0.7139605462822458,0.7441676551996836,0.35,0.7198840808799315,8,Stable-Causal-Temporal,dropout,42,0.8660156812042619,0.8843743894736328,75
0.7200013215802916,0.3969698507348244,0.2143108875853903,0.23962862370104326,0.35013341239252893,0.6661026508742245,0.458997279440342,0.458997279440342,0.35013341239252893,0.6661026508742245,0.5,0.4611682060621829,8,Logistic,failure,42,0.7060483785783325,0.7344960662479006,83
0.7454995945030751,0.4127274184404174,0.16380801643905224,0.11764938372788582,0.43952802359882004,0.42019176536943037,0.42964244521337946,0.4815555151735417,0.3552278820375335,0.7473209249858996,0.35,0.4844652520216453,8,RandomForest,failure,42,0.7339290467539463,0.7568409992139227,83
0.7486305190572939,0.431662320375611,0.20364199540522737,0.22709054788690003,0.3609550561797753,0.7247602932882121,0.4819051190699419,0.4819051190699419,0.3609550561797753,0.7247602932882121,0.5,0.4858330185115225,8,XGBoost,failure,42,0.7373781382048681,0.7604434310679792,83
0.7503716612848096,0.4237496535820215,0.1478130887727057,0.013674188458074615,0.5669014084507042,0.09080654258319233,0.15653864851725816,0.48845640145010494,0.3690888119953864,0.7219402143260011,0.225,0.48084340447415785,8,Stable-Causal-Temporal,failure,42,0.7384651275254237,0.7626456726551857,75
0.8804304586371048,0.8021323086014294,0.13263724143150363,0.11078761267897001,0.7014440433212996,0.7682878608145512,0.7333459143234573,0.7346698113207547,0.7303634232121923,0.7390272835112692,0.55,0.7249455697037672,10,Logistic,dropout,42,0.870374008284261,0.8876956125605765,83
0.8854629008132001,0.8123843502850673,0.12015008801478141,0.06537365448644011,0.741961095672886,0.7390272835112692,0.7404912836767037,0.7429557216791259,0.7209821428571429,0.7663107947805456,0.45000000000000007,0.7343527277439419,10,RandomForest,dropout,42,0.8761905066420477,0.8923624597992841,83
0.8872181977319324,0.8192229217197661,0.1280135883097781,0.10713794178586897,0.7132892804698973,0.7682878608145512,0.7397677517608985,0.7420357420357421,0.7292859870179458,0.7552392249901146,0.525,0.7367731796752226,10,XGBoost,dropout,42,0.8781988758066374,0.8943197023763335,83
0.8883662328378706,0.8216674464076671,0.11387513150296069,0.011281793951930956,0.7874548736462094,0.689996045867932,0.7355110642781876,0.7427203829278022,0.7492957746478873,0.7362593910636616,0.4,0.7359709325797336,10,Stable-Causal-Temporal,dropout,42,0.8794872017545996,0.8954480014630982,75
0.7214308220830935,0.3905383015468399,0.21431334779216646,0.23801920061277845,0.34791605084244753,0.6638465877044557,0.45655546935609,0.45655546935609,0.34791605084244753,0.6638465877044557,0.5,0.4694542138856324,10,Logistic,failure,42,0.7094514603292538,0.7337604596505748,83
0.7552853923448125,0.42636108084908975,0.16112433056745343,0.11388363493611693,0.4510250569476082,0.4467005076142132,0.44885236610937945,0.49347917543121583,0.3934921167393492,0.6615905245346869,0.4,0.4985209184392168,10,RandomForest,failure,42,0.7443078776433905,0.7675801764510484,83
0.7605032903280139,0.4426401967270535,0.1996595617362138,0.2223379202241919,0.36819606725562837,0.7287084038353074,0.4892086330935252,0.49368357730098256,0.38301182327317984,0.6943034404963339,0.525,0.4980109230665498,10,XGBoost,failure,42,0.749424161604116,0.7720940617390664,83
0.7638123274603509,0.44744914848935513,0.1448885270871874,0.011881205792581865,0.5893271461716937,0.14326001128031585,0.23049001814882034,0.49649259547934527,0.37927954748437037,0.718556119571348,0.225,0.4973338535570295,10,Stable-Causal-Temporal,failure,42,0.7524343685238013,0.7747880631769699,75
0.8845267846714764,0.8032297246653272,0.13069658188100222,0.10861246410589945,0.7054402290622763,0.7793594306049823,0.7405598346796919,0.7413624829201639,0.7320740169622205,0.7508896797153025,0.55,0.7294689161688439,12,Logistic,dropout,42,0.8749069402628429,0.8924032380760795,83
0.8902064521303766,0.8155743365809767,0.11851477774879014,0.06417439153156601,0.7512994802079168,0.7429814155792803,0.747117296222664,0.7479073389137629,0.736579754601227,0.7595887702649269,0.475,0.7397855122047503,12,RandomForest,dropout,42,0.8811467846973107,0.8973128892896237,83
0.8925222226443715,0.8234803747288917,0.12567114441691865,0.10520094393763142,0.719170607493634,0.7817319098457889,0.7491474043198181,0.7491474043198181,0.719170607493634,0.7817319098457889,0.5,0.7423971377459749,12,XGBoost,dropout,42,0.882851788928633,0.899867455352055,83
0.8927434288938703,0.8256520240998547,0.1118768178169513,0.011982027146958608,0.7953929539295393,0.6963226571767497,0.7425679949399114,0.7473002159827213,0.7421996879875195,0.7524713325425069,0.375,0.7425291905798536,12,Stable-Causal-Temporal,dropout,42,0.8835354944106116,0.8997964371910658,75
0.7256080419310712,0.3944115750185612,0.21330963890320256,0.23702724464935815,0.35103244837758113,0.6711787930062042,0.4609723029246562,0.4609723029246562,0.35103244837758113,0.6711787930062042,0.5,0.4718369473204402,12,Logistic,failure,42,0.711987665174523,0.7381015247965489,83
0.7590703841464148,0.4339222256000233,0.16008938633949765,0.11283807344341579,0.4572405929304447,0.45234066553863506,0.4547774312446839,0.5017830920914621,0.39946559786239144,0.6745628877608573,0.4,0.5025691560498345,12,RandomForest,failure,42,0.747431578703361,0.770635871589425,83
0.7612554145869912,0.44136424003170227,0.19911594817879724,0.22021691799108958,0.3702451394759087,0.7411167512690355,0.49379932356257045,0.4943597862655848,0.3807926829268293,0.7044557247602933,0.525,0.503380413682308,12,XGBoost,failure,42,0.7503467985416077,0.7725177531128271,83
0.7649675160164209,0.4470167152772399,0.14470642806524886,0.011229698253124103,0.572354211663067,0.14946418499717992,0.2370304114490161,0.4998955067920585,0.39707835325365204,0.6745628877608573,0.25,0.505261690710154,12,Stable-Causal-Temporal,failure,42,0.7536508558528284,0.7760899335133257,75
0.7920362232269376,0.6663099171738004,0.18268886564631215,0.1447197693547681,0.5616925064599483,0.6876235666271253,0.6183111111111111,0.6183111111111111,0.5616925064599483,0.6876235666271253,0.5,0.6061217226242733,2,Logistic,dropout,77,0.7854206422458766,0.8010808311993532,82
0.7959129612509129,0.6865955666167597,0.16494982674355252,0.08789040850087104,0.6571294559099438,0.5539739027283511,0.6011585496674533,0.6185204709189949,0.5566097406704618,0.6959272439699487,0.4,0.6022384082430272,2,RandomForest,dropout,77,0.7866131505973254,0.8042140199508924,82
0.798671777487902,0.6935531409138763,0.1765541347749165,0.14016188743937633,0.5952983725135624,0.6508501383946224,0.6218360408009067,0.6218360408009067,0.5952983725135624,0.6508501383946224,0.5,0.609314930358606,2,XGBoost,dropout,77,0.7920263519370976,0.8074058211197471,82
0.7984030442595431,0.69593651039742,0.15493492641504863,0.014447128350454787,0.7599451303155007,0.43811783313562674,0.5558063707047906,0.6202485380116959,0.5766224940536867,0.6710162119414789,0.30000000000000004,0.6095179987797438,2,Stable-Causal-Temporal,dropout,77,0.7921817110320724,0.8069807997067859,75
0.6628214341569945,0.3352889507898758,0.23021777090357007,0.25692698504781375,0.30788110171802563,0.6367738296672307,0.41507352941176473,0.41507352941176473,0.30788110171802563,0.6367738296672307,0.5,0.41999015263417033,2,Logistic,failure,77,0.6517290898030599,0.678324019882504,82
0.667689166438442,0.3318301756272032,0.18223365238781528,0.14147093978236658,0.3705759888965996,0.3011844331641286,0.33229620410703176,0.4163845633039946,0.2974607013301088,0.6937394247038917,0.35,0.4240419708029197,2,RandomForest,failure,77,0.6559656009040031,0.6827167605663812,82
0.6797685341463087,0.35214023936373395,0.22362730331725034,0.250548936207209,0.3184606804238706,0.6441060349689791,0.4261989177085277,0.42346502479904224,0.30387825233186055,0.6982515510434292,0.475,0.4347423813103568,2,XGBoost,failure,77,0.6683422719962856,0.6946369604879893,82
0.6749062421050173,0.33305385164007195,0.16017052248894817,0.013478852855962582,0.36666666666666664,0.018612521150592216,0.03542673107890499,0.42023346303501946,0.32076032076032074,0.6091370558375635,0.225,0.4301341320484438,2,Stable-Causal-Temporal,failure,77,0.6622134454075213,0.689884646836225,75
0.8397110950694364,0.7543635533269046,0.1543884005513292,0.12921202797627745,0.6662908680947013,0.701067615658363,0.6832369942196532,0.6843718079673136,0.7079459002535926,0.6623171213918545,0.55,0.6673966602792225,4,Logistic,dropout,77,0.8317496854745636,0.8474360378891445,82
0.8426569234601049,0.7628423148905488,0.14034824463198364,0.07651643224536583,0.7313231323132313,0.6425464610517991,0.6840665123131973,0.6871485943775101,0.6980824153406773,0.6765519968366943,0.45000000000000007,0.671117166212534,4,RandomForest,dropout,77,0.8356796452954098,0.8517884420572178,82
0.8450829453077398,0.7687827093086244,0.1504488057019628,0.1252344938634853,0.6760726710475454,0.6915776986951364,0.6837372947615324,0.6846339501206757,0.6966844044207942,0.6729932779754844,0.525,0.6756756756756757,4,XGBoost,dropout,77,0.8377634672348387,0.8536646310138947,82
0.8461132711085217,0.7745761751216501,0.13187142453619227,0.015593474370911568,0.8034330011074197,0.5737445630684065,0.6694348327566321,0.6875262494750105,0.7330944917151814,0.6472914195334124,0.375,0.6758935578226439,4,Stable-Causal-Temporal,dropout,77,0.8389263504180873,0.8552549628786177,75
0.6928889338261572,0.3651012824644683,0.22276037527934844,0.24851996602713228,0.3283964682426659,0.6503102086858432,0.4364118092354277,0.43528586460890917,0.3158564520234156,0.6999435984207558,0.475,0.4391740412979351,4,Logistic,failure,77,0.6804764242423889,0.7082588425747295,82
0.7088319335551183,0.37027745136226586,0.17237774374831263,0.1265399383886089,0.40843123704215617,0.3333333333333333,0.3670807453416149,0.45024971187091817,0.34139236819108654,0.6610265087422448,0.375,0.4532885385708748,4,RandomForest,failure,77,0.695012725071142,0.7227337829755198,82
0.7129288324590027,0.38229869202980504,0.21467843168708012,0.2395462296438672,0.3339763020115734,0.6835871404399323,0.44872269529803777,0.4485456369107322,0.3480697384806974,0.6305696559503666,0.525,0.4565689467969598,4,XGBoost,failure,77,0.7006941150742849,0.7258912775781698,82
0.711693986402761,0.3750476482642358,0.1547771465065658,0.01579262583234773,0.5263157894736842,0.050761421319796954,0.09259259259259259,0.4494252873563218,0.34029590948651,0.6615905245346869,0.225,0.45472012296656844,4,Stable-Causal-Temporal,failure,77,0.6979103604466115,0.7251877051855153,75
0.853657677700243,0.7724789054748493,0.14644116908137064,0.12176337689569101,0.6876190476190476,0.7137208382759984,0.7004268529297633,0.7017474185861795,0.704826485839649,0.6986951364175563,0.525,0.6891380797558224,6,Logistic,dropout,77,0.8468857767459524,0.8615833979183403,82
0.8564696847529513,0.780861549511177,0.13348268833843682,0.07153222935158784,0.7572148419606046,0.6536180308422301,0.7016129032258065,0.7039432505737534,0.7451413427561837,0.6670620798734678,0.475,0.6911599099099099,6,RandomForest,dropout,77,0.8497498810294868,0.864847253173664,82
0.8584184667817727,0.7877438337789389,0.14301646663522566,0.11862138870009577,0.6891685736079328,0.7145116646896006,0.7016113376043487,0.7041691601835228,0.7105475040257649,0.6979043100039541,0.525,0.6949630624580255,6,XGBoost,dropout,77,0.8511280538911604,0.8671392549760083,82
0.8578857846841408,0.7905931716402441,0.12626978736885577,0.014468348247581269,0.8062302006335798,0.6037959667852907,0.6904815735925842,0.7007662041830607,0.7356521739130435,0.6690391459074733,0.375,0.693940026438461,6,Stable-Causal-Temporal,dropout,77,0.8511371560522857,0.8669221594049086,75
0.7048350819945919,0.37896921436429304,0.21922691358576554,0.2449635651839456,0.3369847218218507,0.6593344613649182,0.4460129721480351,0.44534842589317297,0.32440092759598044,0.7100958826847151,0.475,0.44548749331590515,6,Logistic,failure,77,0.6928979119709421,0.7199039741294203,82
0.7276419840759305,0.391671357151355,0.16793776223378698,0.1213370094526308,0.4255591054313099,0.3756345177664975,0.39904134212103054,0.46568437378829003,0.35480059084194976,0.6773829667230682,0.375,0.46837584591358666,6,RandomForest,failure,77,0.7136661112409038,0.743122429901078,82
0.7320100546253185,0.41093999476294646,0.20893432066234965,0.23329116692973406,0.3492282249173098,0.7146080090242527,0.4691723754860211,0.4700258912567218,0.3633004926108374,0.6655386350817822,0.525,0.4729512587038029,6,XGBoost,failure,77,0.7180094704856637,0.746968068930791,82
0.7319406583911325,0.40821200578981764,0.15099575079506825,0.009996967909002083,0.5463414634146342,0.0631697687535251,0.11324570273003033,0.46495726495726497,0.35051546391752575,0.6903553299492385,0.225,0.46943483275663206,6,Stable-Causal-Temporal,failure,77,0.7176438478032389,0.7477060210443991,75
0.8706076065680807,0.7936077917547416,0.1376519605137626,0.11504757485869521,0.6976573938506588,0.7536575721629103,0.7245770766014066,0.725615668024045,0.7119482496194824,0.7398181099248715,0.525,0.7096732111408258,8,Logistic,dropout,77,0.8634621052943668,0.8784209248977193,83
0.8758452133190928,0.8017046282979781,0.12503426431920195,0.0681497106189948,0.739642567018684,0.7200474495848161,0.729713484271689,0.7288231949971575,0.6997816593886463,0.7603795966785291,0.42500000000000004,0.718431674034211,8,RandomForest,dropout,77,0.8692448767796264,0.8843568438864466,83
0.8762167047304648,0.8081528212944507,0.13411967163672248,0.11229348224187165,0.6984069514844315,0.7627520759193357,0.7291627291627292,0.7301147605856747,0.7306930693069307,0.7295373665480427,0.55,0.7187145809720648,8,XGBoost,dropout,77,0.8693346854743914,0.8843722656936833,83
0.8764633806562734,0.8100158797610606,0.11870057809164981,0.012282123335474654,0.7996099463676255,0.6484776591538157,0.7161572052401747,0.730909090909091,0.7472118959107806,0.7153024911032029,0.4,0.7182721974631471,8,Stable-Causal-Temporal,dropout,77,0.8706904547131701,0.8844214058344751,75
0.7200013215802916,0.3969698507348244,0.2143108875853903,0.23962862370104326,0.35013341239252893,0.6661026508742245,0.458997279440342,0.46033193507204084,0.34016172506738546,0.7117879300620418,0.475,0.45883069427527406,8,Logistic,failure,77,0.7068406926178945,0.7342613845966773,83
0.7463574717231354,0.4155448866354663,0.16349385220380014,0.11735164958075399,0.4474616292798111,0.4275239706711788,0.43726564753389097,0.4856366459627329,0.37022787807043506,0.7055837563451777,0.375,0.48686855586537836,8,RandomForest,failure,77,0.7330057201276219,0.7624944487483838,83
0.7490809090207851,0.4331038750665976,0.20353683886359986,0.22701904496251404,0.36335491134252745,0.7281443880428652,0.48479158843409687,0.48479158843409687,0.36335491134252745,0.7281443880428652,0.5,0.48453153550500916,8,XGBoost,failure,77,0.735882923277747,0.76644419794567,83
0.7502865635444819,0.42855793284459,0.14765625877347918,0.011525824450870909,0.5704225352112676,0.09137055837563451,0.15751093825960136,0.4886582083813918,0.37066200058326043,0.7168640721940215,0.225,0.48380046284391875,8,Stable-Causal-Temporal,failure,77,0.7361922678513562,0.7672654656269651,75
0.8804304586371048,0.8021323086014294,0.13263724143150363,0.11078761267897001,0.7014440433212996,0.7682878608145512,0.7333459143234573,0.7346698113207547,0.7303634232121923,0.7390272835112692,0.55,0.7238736953362399,10,Logistic,dropout,77,0.8734355153960695,0.8880312083665242,83
0.8851136425999334,0.8116900661437966,0.12028914284203608,0.0648503890794129,0.7466189339697693,0.7421905891656781,0.744398175689074,0.7423927423927424,0.7110789283128168,0.7765915381573745,0.42500000000000004,0.7351551525986464,10,RandomForest,dropout,77,0.8783705829292936,0.8930459218119854,83
0.887804809406613,0.8200539213334835,0.12787708712159748,0.10723555007402497,0.7122040072859745,0.7730328192961645,0.7413727720894956,0.7435649312947552,0.7282031842304776,0.7595887702649269,0.525,0.7355523522474119,10,XGBoost,dropout,77,0.8811083127333544,0.8957434076339471,83
0.8877004329844972,0.8207094044185733,0.11400737051393098,0.014922601805398937,0.792183908045977,0.6812969553183076,0.7325680272108843,0.7430939226519337,0.7416305632138638,0.7445630684064848,0.375,0.7367300784887588,10,Stable-Causal-Temporal,dropout,77,0.8814143177385485,0.8956511270680098,75
0.7214308220830935,0.3905383015468399,0.21431334779216646,0.23801920061277845,0.34791605084244753,0.6638465877044557,0.45655546935609,0.45655546935609,0.34791605084244753,0.6638465877044557,0.5,0.4684227642276423,10,Logistic,failure,77,0.7082041170711705,0.735138464001489,83
0.7565522163980692,0.4279015209945197,0.16098659016222266,0.11459526950534493,0.4581673306772908,0.45403271291596164,0.45609065155807366,0.49413145539906106,0.3782569631626235,0.7123519458544839,0.375,0.49628313926715345,10,RandomForest,failure,77,0.7451249441044073,0.771222191213723,83
0.7607789733921834,0.443500491009969,0.1996022846685282,0.22249254821343123,0.3690205011389522,0.7309644670050761,0.4904446546830653,0.49171974522292994,0.39427987742594484,0.6531302876480541,0.55,0.4997854384208268,10,XGBoost,failure,77,0.7489260965188818,0.7760824744865014,83
0.7631184093480841,0.44569700585805094,0.1451394155311035,0.013917508718934806,0.5749318801089919,0.11900733220530176,0.197196261682243,0.4921973850695909,0.39306163691478613,0.6582064297800339,0.25,0.49809510371102017,10,Stable-Causal-Temporal,failure,77,0.750413311086499,0.7783566704097706,75
0.8845267846714764,0.8032297246653272,0.13069658188100222,0.10861246410589945,0.7054402290622763,0.7793594306049823,0.7405598346796919,0.7394797245600612,0.7161911819192294,0.7643337287465402,0.525,0.7289599175151437,12,Logistic,dropout,77,0.877575280066444,0.8917350832309451,83
0.8908894897481036,0.816553620817817,0.1181411178347486,0.06428906133564254,0.7494042891183479,0.7461447212336892,0.7477709530414107,0.7470743676859192,0.7146984470928133,0.7825227362593911,0.42500000000000004,0.7391138273491215,12,RandomForest,dropout,77,0.8845224810938342,0.899076357653699,83
0.8925427672451519,0.8236251718192656,0.12582437211364544,0.10524079665712623,0.7182640144665461,0.7852906287069988,0.7502833396297696,0.7494712555277832,0.7294161676646707,0.7706603400553579,0.525,0.7431843320970786,12,XGBoost,dropout,77,0.8864038535445585,0.9005131694020839,83
0.8924865510258932,0.8244571654077526,0.11198295805826781,0.014744160013661425,0.8009174311926606,0.6903914590747331,0.7415587173497558,0.7500489332550401,0.7426356589147287,0.7576117042309213,0.375,0.7447637925338619,12,Stable-Causal-Temporal,dropout,77,0.8868553784567551,0.901285726040889,75
0.7256080419310712,0.3944115750185612,0.21330963890320256,0.23702724464935815,0.35103244837758113,0.6711787930062042,0.4609723029246562,0.46160232461602324,0.3651888341543514,0.6271855611957134,0.525,0.47158774373259055,12,Logistic,failure,77,0.7122200118608153,0.738687773053469,83
0.7584146361744303,0.43352798805441783,0.16018011891828104,0.11273680157556142,0.4566704675028506,0.4517766497461929,0.4542103770910122,0.4935767410412441,0.41103603603603606,0.6175972927241963,0.42500000000000004,0.5024823228524147,12,RandomForest,failure,77,0.7482639772721617,0.773076603843946,83
0.7623631890174731,0.44389333236326606,0.1988714593299165,0.22022295783364507,0.367816091954023,0.7399887196841511,0.49138576779026216,0.49574341714511977,0.38194020744356316,0.7061477721376198,0.525,0.5030872483221477,12,XGBoost,failure,77,0.7500311853795103,0.7780565625964887,83
0.7633983826829459,0.4453081676490118,0.1449957988248957,0.012072334409528528,0.5742092457420924,0.13310772701635645,0.21611721611721613,0.4926087861753071,0.3904290429042904,0.6672306824591089,0.25,0.5040946314831665,12,Stable-Causal-Temporal,failure,77,0.7509321727521411,0.7778188487858219,75
0.7920362232269376,0.6663099171738004,0.18268886564631215,0.1447197693547681,0.5616925064599483,0.6876235666271253,0.6183111111111111,0.6183111111111111,0.5616925064599483,0.6876235666271253,0.5,0.607850112652674,2,Logistic,dropout,123,0.7824842936763097,0.8033948930436458,82
0.796041998229787,0.6866828708491736,0.16488902796920737,0.08774624855218018,0.6568998109640832,0.549624357453539,0.5984930032292788,0.6169024571854058,0.5828350334154062,0.6551996836694346,0.42500000000000004,0.6031666562363102,2,RandomForest,dropout,123,0.7866132219181934,0.8051788246734249,82
0.7976963311001635,0.6938382947503944,0.17693514954025794,0.1408360052599192,0.5927927927927928,0.6504547251878213,0.6202865761689291,0.622891998564765,0.5701149425287356,0.686437327006722,0.475,0.6102345671605975,2,XGBoost,dropout,123,0.7882984958381553,0.8079223450747771,82
0.7995899171039429,0.6970487618897283,0.15478728199335165,0.018308050506782067,0.757679180887372,0.4389086595492289,0.5558337506259389,0.6252045826513911,0.5787878787878787,0.6797153024911032,0.30000000000000004,0.6092819827481473,2,Stable-Causal-Temporal,dropout,123,0.7897667858508111,0.8091336300674553,75
0.6628214341569945,0.3352889507898758,0.23021777090357007,0.25692698504781375,0.30788110171802563,0.6367738296672307,0.41507352941176473,0.41507352941176473,0.30788110171802563,0.6367738296672307,0.5,0.41791594986483166,2,Logistic,failure,123,0.650557992988718,0.676945649214472,82
0.6681986029109442,0.33281948024766617,0.1821998578677046,0.14168310756004399,0.375,0.30456852791878175,0.33613445378151263,0.4163845633039946,0.2974607013301088,0.6937394247038917,0.35,0.4211366356951491,2,RandomForest,failure,123,0.653311286984032,0.6807380569679305,82
0.6791815631941834,0.3493436226613135,0.22348314893829746,0.2502007616880642,0.3158783783783784,0.6328257191201354,0.42140845070422533,0.42140845070422533,0.3158783783783784,0.6328257191201354,0.5,0.4344914718888187,2,XGBoost,failure,123,0.6664668864150917,0.6943062711330258,82
0.6736637443288813,0.34388888124969785,0.15969758757518307,0.0072540339435287135,0.5,0.016356457980823462,0.031676679410158386,0.41979993101069335,0.302360248447205,0.6864072194021432,0.2,0.4309411161146896,2,Stable-Causal-Temporal,failure,123,0.6608336872586373,0.6886007521735823,75
0.8397110950694364,0.7543635533269046,0.1543884005513292,0.12921202797627745,0.6662908680947013,0.701067615658363,0.6832369942196532,0.6848496914194704,0.6896551724137931,0.6801107156979043,0.525,0.6656474341930337,4,Logistic,dropout,123,0.8299758966642149,0.8501445759751851,82
0.8419707197223947,0.7620991672106165,0.14047890173133293,0.07665453392342374,0.7315647482014388,0.6433372874654013,0.6846202398485167,0.6851306226674524,0.6807181889149102,0.6896006326611309,0.42500000000000004,0.6706928590390231,4,RandomForest,dropout,123,0.8319223643623215,0.8522839857241931,82
0.8457748480614199,0.76983844747917,0.150400722574174,0.12568805504721475,0.6715328467153284,0.6911822854883353,0.6812159002338269,0.6812159002338269,0.6715328467153284,0.6911822854883353,0.5,0.6752938069457283,4,XGBoost,dropout,123,0.8350471221891478,0.8546889452050486,82
0.8465333800511926,0.7728984300036799,0.1321704119204774,0.01518567302151974,0.8014262205156336,0.5776986951364176,0.6714154411764706,0.6804360298336202,0.6588888888888889,0.7034400948991696,0.30000000000000004,0.6775871034841394,4,Stable-Causal-Temporal,dropout,123,0.8361941649949037,0.856445866624271,75
0.6928889338261572,0.3651012824644683,0.22276037527934844,0.24851996602713228,0.3283964682426659,0.6503102086858432,0.4364118092354277,0.4364118092354277,0.3283964682426659,0.6503102086858432,0.5,0.43935635692933916,4,Logistic,failure,123,0.6807040989791033,0.7074795509463471,82
0.7061513547347958,0.3680197876957977,0.172882737960574,0.12662501531212045,0.4118457300275482,0.33728144388042863,0.37085271317829455,0.4468330134357006,0.3386674425370963,0.6565143824027073,0.375,0.45172570096483844,4,RandomForest,failure,123,0.6947284226880849,0.7223962765053598,82
0.7129390052657986,0.38305669720851726,0.21433191804050788,0.23886184247478282,0.3359244863964464,0.6824591088550479,0.4502325581395349,0.450494051220004,0.35059635907093534,0.6300056401579244,0.525,0.4550783912747103,4,XGBoost,failure,123,0.7017206762804749,0.7278305422541312,82
0.7139141351415808,0.37965608649616056,0.15435039372597198,0.01200435881931521,0.5,0.046249294980259446,0.08466701084150749,0.45141545524100996,0.341534008683068,0.6655386350817822,0.225,0.45757692802884,4,Stable-Causal-Temporal,failure,123,0.7029886984250537,0.7281335943527569,75
0.853657677700243,0.7724789054748493,0.14644116908137064,0.12176337689569101,0.6876190476190476,0.7137208382759984,0.7004268529297633,0.7014256619144603,0.7232255354892902,0.6809015421115066,0.55,0.6878141556853689,6,Logistic,dropout,123,0.8425431453240821,0.8627907297886264,82
0.8569469245717647,0.7810503470579087,0.1331839899847376,0.07113280751015788,0.7577981651376147,0.653222617635429,0.7016351667020598,0.7031436530043772,0.7076491790148178,0.6986951364175563,0.42500000000000004,0.6923694779116466,6,RandomForest,dropout,123,0.8459547896145421,0.8670392953378486,82
0.8584435846669733,0.7881387099135861,0.14308108385534463,0.11905268662373612,0.6926040061633282,0.7109529458283906,0.7016585365853658,0.7017614091273019,0.7105796513984597,0.6931593515223409,0.525,0.6963329764453962,6,XGBoost,dropout,123,0.8478521822512625,0.8672107130838774,82
0.8578497260954423,0.7892452636668744,0.12627162570511236,0.01451352388428375,0.8036939313984169,0.6022143139580862,0.6885171790235082,0.7009287925696595,0.7331606217616581,0.6714116251482799,0.375,0.694905869324474,6,Stable-Causal-Temporal,dropout,123,0.8471338415497229,0.8667697319695327,75
0.7048350819945919,0.37896921436429304,0.21922691358576554,0.2449635651839456,0.3369847218218507,0.6593344613649182,0.4460129721480351,0.44534842589317297,0.32440092759598044,0.7100958826847151,0.475,0.44606968723986207,6,Logistic,failure,123,0.6936613069016707,0.7198914022768332,82
0.727509649128394,0.3921749946976314,0.16793840548607167,0.12140524607111719,0.43009404388714734,0.38691483361534124,0.40736342042755347,0.46596012214837434,0.34185556141275697,0.7315284827975184,0.35,0.4690062711046792,6,RandomForest,failure,123,0.7157011296859965,0.7416280320019621,82
0.7322887453019324,0.4123366242996186,0.20851899433964305,0.23252331053410472,0.3498607242339833,0.7084038353073886,0.4683945552862204,0.46731960823505897,0.36191950464396283,0.6593344613649182,0.525,0.4750134336378291,6,XGBoost,failure,123,0.7220712831267321,0.7476920157004432,82
0.7353133419103364,0.40907279955140774,0.15053830690177183,0.010399754711972306,0.5477386934673367,0.06147772137619854,0.1105476673427992,0.4735333460729983,0.3580924855491329,0.6988155668358714,0.225,0.46654680878387056,6,Stable-Causal-Temporal,failure,123,0.7255385387509269,0.7499358176830638,75
0.8706076065680807,0.7936077917547416,0.1376519605137626,0.11504757485869521,0.6976573938506588,0.7536575721629103,0.7245770766014066,0.725615668024045,0.7119482496194824,0.7398181099248715,0.525,0.7108881214569622,8,Logistic,dropout,123,0.8614881707546839,0.8784775377570676,83
0.8754194757186741,0.8010004069111446,0.12517790933999487,0.06790157045567059,0.7379505872823006,0.7204428627916173,0.7290916366546618,0.7299528301886793,0.7256740914419695,0.734282325029656,0.475,0.7192500836960161,8,RandomForest,dropout,123,0.865430457074082,0.883586205891448,83
0.8762956818344922,0.8082266217154022,0.13436218169522388,0.1131961663888011,0.6988082340195017,0.7651245551601423,0.7304643261608154,0.7306501547987616,0.7154225085259568,0.7465401344404903,0.525,0.7189542483660131,8,XGBoost,dropout,123,0.8666123738562354,0.8843694719039946,83
0.8771522580064137,0.8100374129730299,0.11843434604466223,0.011492549054755878,0.7911301859799714,0.6559905100830368,0.7172503242542153,0.7309330236159505,0.7159651118695487,0.7465401344404903,0.35,0.7184326059891226,8,Stable-Causal-Temporal,dropout,123,0.86707425362272,0.8854245800719335,75
0.7200013215802916,0.3969698507348244,0.2143108875853903,0.23962862370104326,0.35013341239252893,0.6661026508742245,0.458997279440342,0.46033193507204084,0.34016172506738546,0.7117879300620418,0.475,0.459209726443769,8,Logistic,failure,123,0.7095694494191098,0.7336286517504351,83
0.7449480514563567,0.4162633965103097,0.16380286813620168,0.1176445443415894,0.43997668997669,0.4258319232938522,0.43278876468902266,0.48328488372093026,0.35647279549718575,0.7501410039481106,0.35,0.4854025720728957,8,RandomForest,failure,123,0.7358575364588198,0.7582776802518852,83
0.7497324551812671,0.43351575548363885,0.20316173946538035,0.22684982222852235,0.36304836895388076,0.7281443880428652,0.4845186714205292,0.4873581524985069,0.37661538461538463,0.6903553299492385,0.525,0.4842569690487332,8,XGBoost,failure,123,0.7395728169191101,0.7635176729688478,83
0.7494579220865613,0.4263396769376042,0.14790669749089433,0.013724824049982388,0.5691056910569106,0.07896221094190638,0.13868251609707777,0.48939828080229225,0.3700173310225303,0.7225042301184433,0.225,0.48413464632812,8,Stable-Causal-Temporal,failure,123,0.7388395894637302,0.7637150321365401,75
0.8804304586371048,0.8021323086014294,0.13263724143150363,0.11078761267897001,0.7014440433212996,0.7682878608145512,0.7333459143234573,0.732253549290142,0.7406957928802589,0.7240015816528272,0.5750000000000001,0.7249781835268846,10,Logistic,dropout,123,0.8711196243078042,0.888631748576138,83
0.8852916489012157,0.8110293113718925,0.12026519981212844,0.0650261437668394,0.7436507936507937,0.7410043495452748,0.7423252129134482,0.7427912341407151,0.7227833894500562,0.763938315539739,0.45000000000000007,0.7349694844825347,10,RandomForest,dropout,123,0.8758106117386878,0.8924622952340769,83
0.8873748151337721,0.8189003225202013,0.12788126337876327,0.10737005017303754,0.7143906020558003,0.7694741004349546,0.7409099562154959,0.7409099562154959,0.7143906020558003,0.7694741004349546,0.5,0.7369097333761645,10,XGBoost,dropout,123,0.878607594587282,0.8954921479480841,83
0.8888015743355722,0.8207037781577702,0.11382866100527098,0.016403662991765412,0.7879890809827116,0.6848556741795176,0.7328115083562513,0.7407845456337473,0.7386006289308176,0.7429814155792803,0.375,0.7380999800836486,10,Stable-Causal-Temporal,dropout,123,0.8797702461280277,0.8967489336700067,75
0.7214308220830935,0.3905383015468399,0.21431334779216646,0.23801920061277845,0.34791605084244753,0.6638465877044557,0.45655546935609,0.45655546935609,0.34791605084244753,0.6638465877044557,0.5,0.46846729580214774,10,Logistic,failure,123,0.7109397420819715,0.7356904439433458,83
0.755953966899279,0.42816440528906313,0.1609995232656131,0.1140095840634578,0.4576271186440678,0.45685279187817257,0.4572396274343776,0.4953803813642618,0.38020519010259507,0.7106598984771574,0.375,0.4977877567192762,10,RandomForest,failure,123,0.7463430568169117,0.7688216123022693,83
0.7616862992991908,0.44517908676254225,0.1989960136657312,0.2214649357818225,0.3711840228245364,0.733784545967287,0.4929897688518378,0.49337615415495784,0.38298535369273917,0.6931754089114496,0.525,0.49949430247454657,10,XGBoost,failure,123,0.7514579920830761,0.774883072188978,83
0.7625641240664901,0.44298273203988353,0.14526976845247588,0.012280469394730242,0.581151832460733,0.12521150592216582,0.2060324825986079,0.4950961161239702,0.37954887218045114,0.7117879300620418,0.225,0.49786591371725,10,Stable-Causal-Temporal,failure,123,0.7527454484921486,0.7746127766325113,75
0.8845267846714764,0.8032297246653272,0.13069658188100222,0.10861246410589945,0.7054402290622763,0.7793594306049823,0.7405598346796919,0.7405598346796919,0.7054402290622763,0.7793594306049823,0.5,0.7303491382031694,12,Logistic,dropout,123,0.8751547420994508,0.8916100068112099,83
0.8901436222382638,0.8155023467582057,0.11847438380113762,0.06419426379784891,0.7511942675159236,0.7461447212336892,0.7486609799642928,0.7448810182623132,0.6981327800829875,0.7983392645314353,0.4,0.7394339857873083,12,RandomForest,dropout,123,0.8808143289400131,0.8979841161502201,83
0.8926807748973121,0.8235969236490658,0.12566104577928067,0.10536166995965836,0.7181818181818181,0.7809410834321866,0.748247774199659,0.7479737553068313,0.7304937806257068,0.7663107947805456,0.525,0.741906124041087,12,XGBoost,dropout,123,0.8836892693568889,0.9006070233874643,83
0.8928551929292802,0.8250416645805607,0.11187529218910136,0.01056328688720799,0.7944093778178539,0.6967180703835508,0.7423635980619339,0.7495107632093934,0.7419604804339404,0.7572162910241202,0.375,0.742736675670334,12,Stable-Causal-Temporal,dropout,123,0.8840974036273387,0.9005669567312855,75
0.7256080419310712,0.3944115750185612,0.21330963890320256,0.23702724464935815,0.35103244837758113,0.6711787930062042,0.4609723029246562,0.4609723029246562,0.35103244837758113,0.6711787930062042,0.5,0.4718428924437508,12,Logistic,failure,123,0.715858462291354,0.7398443558245529,83
0.7584069402249412,0.4340258034365462,0.1601934396991595,0.11274105158701782,0.45636052481460354,0.4512126339537507,0.45377197958026094,0.4986376021798365,0.38068350668647843,0.7225042301184433,0.375,0.5030852041486149,12,RandomForest,failure,123,0.7487012240554675,0.7715887195125349,83
0.7625254231710709,0.4459391406283107,0.19844047722642527,0.2193758651819448,0.37179125528913964,0.7433728144388043,0.4956750658142159,0.49503771337832475,0.38192955589586525,0.7033276931754089,0.525,0.5010438413361169,12,XGBoost,failure,123,0.7518546509205192,0.7757590727162019,83
0.7639308627743208,0.44488134011796504,0.14494894505212533,0.011308101606534402,0.5662100456621004,0.13987591652566272,0.22433288104929897,0.5004857198367981,0.3817427385892116,0.7264523406655387,0.225,0.5028818443804035,12,Stable-Causal-Temporal,failure,123,0.7533020149504874,0.7781962379444073,75
